Item Link,Brand,Title,Category,BSR,Monthly Revenue,Price,Unit Margin,Monthly Sales,Review Quantity,Review Rate,Average Rating,Sold By,Sales / Reviews,Date Listed,Net Profit,Outlier Reason,Images,New Offers,Used Offers,Height,Width,Length,Weight,Size Tier,ASIN,Last 12 Months Sales,Last 12 Months Revenue,Next 12 Months Sales,Next 12 Months Revenue
https://www.amazon.com/dp/B07CYJDG56,COOFANDY,"COOFANDY Mens Fashion T Shirt Cotton Tee Hippie Shirts Long Sleeve Yoga Top,White,Medium","Clothing, Shoes & Jewelry/Departments/Men/Clothing/Shirts/T-Shirts & Clothing, Shoes & Jewelry/Departments/Men/Shops/Big & Tall/Shirts/T-Shirts",25594,"$16,673.05",$23.99,$17.12,695,214,0.25,4.1,FBA,3.25,2018-05-09,"$11,898.40",,"61wmpNtnVVL.jpg, 71ry9QeSC-L.jpg, 61hU8DlYV3L.jpg, 81mblfHpNWL.jpg, 71%2Bfcqsrs8L.jpg, 81cKu5a0V5L.jpg, 61z3yuwXUJL.jpg",,,1.3386in,10.6299in,14.685in,0.6107lb,LargeStandardSize,B07CYJDG56,25148,"$603,300.52",18788,"$450,724.12"
https://www.amazon.com/dp/B07QR1J6GT,COOFANDY,COOFANDY Mens Fashion T Shirt Cotton Tee Hippie Shirts Beach Yoga String Top Black,"Clothing, Shoes & Jewelry/Departments/Men/Clothing/Shirts/T-Shirts & Clothing, Shoes & Jewelry/Departments/Men/Shops/Big & Tall/Shirts/T-Shirts",25594,"$16,505.12",$23.99,$17.12,688,192,0.157,4.1,FBA,3.58,--,"$11,778.56",,"61xtrcb4xvL.jpg, 61eeMQxU73L.jpg, 61RWIu6lGSL.jpg, 71DrZ-x3nxL.jpg, 61PTJvQhhRL.jpg, 71Q1qekaqxL.jpg, 61z3yuwXUJL.jpg",,,1.3386in,10.6299in,14.685in,0.6107lb,LargeStandardSize,B07QR1J6GT,,,,
https://www.amazon.com/dp/B07XXZMR96,COOFANDY,COOFANDY Mens Fashion T Shirt Cotton Tee Hippie Shirts V-Neck Long Sleeve Yoga Top for Men Brown,"Clothing, Shoes & Jewelry/Departments/Men/Clothing/Shirts/T-Shirts & Clothing, Shoes & Jewelry/Departments/Men/Shops",25594,"$15,809.41",$23.99,$17.12,659,214,0,4.1,FBA,3.08,--,"$11,282.08",,"71NE8kC0nqL.jpg, 71CiJ7ebHXL.jpg, 71GNClfwUtL.jpg, 81Y%2BhZzkIYL.jpg, 81DcFP5XxbL.jpg, 81xIg1UanpL.jpg, 61z3yuwXUJL.jpg",,,1.1811in,12.7559in,13.8976in,0.6107lb,LargeStandardSize,B07XXZMR96,,,,
https://www.amazon.com/dp/B07S981DNF,COOFANDY,COOFANDY Mens Fashion T Shirt Cotton Tee Hippie Shirts Long Sleeve Beach Yoga Top Charcoal,"Clothing, Shoes & Jewelry/Departments/Men/Clothing/Shirts/T-Shirts & Clothing, Shoes & Jewelry/Departments/Men/Shops/Big & Tall/Shirts/T-Shirts",25594,"$14,403.45",$21.99,$15.42,655,214,0,4.1,FBA,3.06,--,"$10,100.10",,"71yjv%2B4o-LL.jpg, 71nqJqtuVpL.jpg, 71q9GKcB0kL.jpg, 719uVh0VHuL.jpg, 718yVB3lHoL.jpg, 81-6qo2l0wL.jpg, 61z3yuwXUJL.jpg",,,1.3386in,10.6299in,14.685in,0.6107lb,LargeStandardSize,B07S981DNF,,,,
https://www.amazon.com/dp/B07QNTLZG1,COOFANDY,COOFANDY Mens Fashion T Shirt Cotton Tee Hippie Shirts Long Sleeve Beach Yoga Top,"Clothing, Shoes & Jewelry/Departments/Men/Clothing/Shirts/T-Shirts & Clothing, Shoes & Jewelry/Departments/Men/Shops/Big & Tall/Shirts/T-Shirts",25594,"$15,953.35",$23.99,$17.12,665,214,0.257,4.1,FBA,3.11,--,"$11,384.80",,"714qMfcJ0XL.jpg, 71QXaJ-tXHL.jpg, 71XO5j9jTlL.jpg, 81r2sK28LRL.jpg, 81vW0r3WfkL.jpg, 81FO-JUIKyL.jpg, 61z3yuwXUJL.jpg",,,1.3386in,10.6299in,14.685in,0.6107lb,LargeStandardSize,B07QNTLZG1,,,,
https://www.amazon.com/dp/B07X2VS7TB,COOFANDY,COOFANDY Mens Fashion T Shirt Cotton Tee Hippie Shirts Long Sleeve Beach Yoga Top,"Clothing, Shoes & Jewelry/Departments/Men/Clothing/Shirts/T-Shirts & Clothing, Shoes & Jewelry/Departments/Men/Shops",25594,"$15,449.28",$22.99,$16.27,672,214,0,4.1,FBA,3.14,--,"$10,933.44",,"61B7HFcRpeL.jpg, 31PAEPxE4IL.jpg, 61UXf8Vo8eL.jpg, 614-Ve1aoxL.jpg, 81B5IwGflfL.jpg, 81wNQiCQi3L.jpg, 81bTDgu-kuL.jpg",,,1.1811in,12.7559in,13.8976in,0.6107lb,LargeStandardSize,B07X2VS7TB,,,,
https://www.amazon.com/dp/B078HKX69K,Ann Arbor T-shirt Co.,"Let That Shit Go | Funny Zen Buddha Yoga Mindfulness Yogi Peace Hippy T-Shirt-(Adult,XL) Heather Grey","Clothing, Shoes & Jewelry/Departments/Men/Shops & Clothing, Shoes & Jewelry/Departments/Novelty & More/Clothing/Novelty/Men/Shirts/T-Shirts",64099,"$7,654.40",$14.95,$9.44,512,121,0.053,4.3,FBA,4.23,2017-12-19,"$4,833.28",,"81LBcmGnX2L.jpg, 81iF1XxIiEL.jpg, 81jVSQz%2BcwL.jpg, 81-Jbfo89-L.jpg, 91-DPAXj1ZL.jpg, 71wnoa-zhjL.jpg",,,1.811in,10.7874in,10.7874in,0.399lb,LargeStandardSize,B078HKX69K,3978,"$59,471.10",2972,"$44,431.40"
https://www.amazon.com/dp/B07P614M83,Ann Arbor T-shirt Co.,"Let That Sht Go | Funny Zen Buddha Yoga Mindfulness Peace Hippy Women's T-Shirt-(Vneck,L)","Clothing, Shoes & Jewelry/Departments/Women/Clothing & Clothing, Shoes & Jewelry/Departments/Women/Shops & Clothing, Shoes & Jewelry/Departments/Novelty & More/Clothing/Novelty/Women/Tops & Tees/T-Shirts",39688,"$15,068.55",$16.95,$11.19,889,124,0.121,4.6,FBA,7.17,2019-02-28,"$9,947.91",,"81lrHrz2S9L.jpg, 81CPjWgz80L.jpg, 81FUWko2KZL.jpg, 81iZSi168XL.jpg, 81DA-vEYnYL.jpg, 71gQpi-7f3L.jpg",,,1.2992in,6.8898in,9.4882in,0.0507lb,LargeStandardSize,B07P614M83,,,,
https://www.amazon.com/dp/B07WHZM2VV,Ann Arbor T-shirt Co.,"Ann Arbor T-shirt Co. Let That Sht Go | Funny Zen Buddha Yoga Mindfulness Peace Hippy Women's Tank Top-(Racerback,M)","Clothing, Shoes & Jewelry/Departments/Women/Shops & Clothing, Shoes & Jewelry/Departments/Novelty & More/Clothing/Novelty/Women/Tops & Tees/Tanks & Camis",39688,"$14,966.85",$16.95,$11.98,883,124,0.034,4.6,FBA,7.12,--,"$10,578.34",,"91hKvFSLgfL.jpg, 81DnIyuOfZL.jpg, 81a573Bee4L.jpg, 81w8J8s2WeL.jpg, 91cTRHRgSML.jpg, 71gQpi-7f3L.jpg",,,0.7087in,7.7165in,8.5827in,0.2491lb,SmallStandardSize,B07WHZM2VV,,,,
https://www.amazon.com/dp/B07DB487B2,Buddha Jumps Over The Wall,Gautama Buddha T-Shirt Buddhist Zen Buddhism Meditation Tee,"Clothing, Shoes & Jewelry/Departments/Women/Shops & Clothing, Shoes & Jewelry/Departments/Men/Shops & Clothing, Shoes & Jewelry/Departments/Girls & Clothing, Shoes & Jewelry/Departments/Boys & Clothing, Shoes & Jewelry/Departments/Novelty & More/Clothing/Novelty/Women & Clothing, Shoes & Jewelry/Departments/Novelty & More/Clothing/Novelty/Men/Shirts/T-Shirts & Clothing, Shoes & Jewelry/Departments/Novelty & More/Clothing/Novelty/Girls & Clothing, Shoes & Jewelry/Departments/Novelty & More/Clothing/Novelty/Boys",681272,$569.10,$18.97,$12.90,30,2,0.1,4.7,AMZN,15,2018-05-25,$387.00,Sales,"71tq%2BL4LhFL.jpg, 71735wVHxxL.jpg",,,0.9843in,7.9921in,10in,0.2998lb,LargeStandardSize,B07DB487B2,358,"$6,791.26",,
https://www.amazon.com/dp/B07SR7GFV4,JiaMa,JiaMa I'm Mostly Peace Love and Light T-Shirt - Retro Vintage Sunshine for Yoga Lovers Meditation and Spirituality Tee Black,"Clothing, Shoes & Jewelry/Departments/Women/Clothing/Tops, Tees & Blouses/T-Shirts & Clothing, Shoes & Jewelry/Departments/Women/Shops",505043,"$2,080.75",$11.89,$6.90,175,10,0.154,4.3,FBA,17.5,--,"$1,207.50",,"51s2-DJ9z4L.jpg, 51wkS1iFzPL.jpg, 51xj-t7fIzL.jpg, 516Vp81n52L.jpg",,,1.1024in,7.3228in,7.5984in,0.3704lb,LargeStandardSize,B07SR7GFV4,,,,
https://www.amazon.com/dp/B07ST8BXWZ,JiaMa,JiaMa I'm Mostly Peace Love and Light T-Shirt - Retro Vintage Sunshine for Yoga Lovers Meditation and Spirituality Tee Grey,"Clothing, Shoes & Jewelry/Departments/Women/Clothing/Tops, Tees & Blouses/T-Shirts & Clothing, Shoes & Jewelry/Departments/Women/Shops",505043,"$1,807.28",$11.89,$6.90,152,10,0,4.3,FBA,15.2,--,"$1,048.80",,"61g%2Bqe-ISqL.jpg, 61virH5H6qL.jpg, 51xj-t7fIzL.jpg, 61xhNg2z55L.jpg",,,1.1024in,7.3228in,7.5984in,0.3704lb,LargeStandardSize,B07ST8BXWZ,,,,
https://www.amazon.com/dp/B07ST8L49F,JiaMa,JiaMa I'm Mostly Peace Love and Light T-Shirt - Retro Vintage Sunshine for Yoga Lovers Meditation and Spirituality Tee White,"Clothing, Shoes & Jewelry/Departments/Women/Clothing/Tops, Tees & Blouses/T-Shirts & Clothing, Shoes & Jewelry/Departments/Women/Shops",505043,"$1,997.52",$11.89,$6.90,168,10,0,4.3,FBA,16.8,--,"$1,159.20",,"61F77DMlp5L.jpg, 51KTcrdrdGL.jpg, 51xj-t7fIzL.jpg, 51lazJwwenL.jpg",,,1.1024in,7.3228in,7.5984in,0.3704lb,LargeStandardSize,B07ST8L49F,,,,
https://www.amazon.com/dp/B07KVQ1GM6,Spiritual Yoga Apparel,Funny Heavily Meditated Yoga Meditation T-Shirt,"Clothing, Shoes & Jewelry/Departments/Women/Shops & Clothing, Shoes & Jewelry/Departments/Novelty & More/Clothing/Novelty/Women & Clothing, Shoes & Jewelry/Departments/Novelty & More/Clothing/Novelty/Girls/Tops & Tees/T-Shirts",180466,"$1,919.04",$19.99,$13.77,96,20,0.063,4.8,AMZN,4.8,2017-08-08,"$1,321.92",,"71erI85qoBL.jpg, 71735wVHxxL.jpg",,,0.9843in,7.9921in,10in,0.2998lb,LargeStandardSize,B07KVQ1GM6,1026,"$20,509.74",766,"$15,312.34"
https://www.amazon.com/dp/B07NDH9ZC9,Wrinkled Hippie,Chakra Meditation Moon Tree of Life  T-Shirt,"Clothing, Shoes & Jewelry/Departments/Women/Shops & Clothing, Shoes & Jewelry/Departments/Men/Shops & Clothing, Shoes & Jewelry/Departments/Novelty & More/Clothing/Novelty/Women & Clothing, Shoes & Jewelry/Departments/Novelty & More/Clothing/Novelty/Men/Shirts/T-Shirts",1149884,$485.73,$17.99,$12.07,27,9,0.333,4.4,AMZN,3,--,$325.89,Sales,"818q7cJtPDL.jpg, 71735wVHxxL.jpg",,,0.9843in,7.9921in,10in,0.2998lb,LargeStandardSize,B07NDH9ZC9,,,,
https://www.amazon.com/dp/B07C9S9Y19,Zen AF Yoga Funny T Shirts,Zen AF T-Shirt Cute Yoga Clothes Funny Gifts For Women,"Clothing, Shoes & Jewelry/Departments/Women/Shops & Clothing, Shoes & Jewelry/Departments/Men/Shops & Clothing, Shoes & Jewelry/Departments/Girls & Clothing, Shoes & Jewelry/Departments/Boys & Clothing, Shoes & Jewelry/Departments/Novelty & More/Clothing/Novelty/Women/Tops & Tees/T-Shirts & Clothing, Shoes & Jewelry/Departments/Novelty & More/Clothing/Novelty/Men/Shirts/T-Shirts & Clothing, Shoes & Jewelry/Departments/Novelty & More/Clothing/Novelty/Girls/Tops & Tees/T-Shirts & Clothing, Shoes & Jewelry/Departments/Novelty & More/Clothing/Novelty/Boys/Tops & Tees/T-Shirts",100690,"$3,326.40",$14.85,$9.40,224,42,0.201,4.5,AMZN,5.33,2018-03-30,"$2,105.60",,"71j5CdW%2BLgL.jpg, 71735wVHxxL.jpg",,,0.9843in,7.9921in,10in,0.2998lb,LargeStandardSize,B07C9S9Y19,2338,"$34,719.30",1746,"$25,928.10"
https://www.amazon.com/dp/B07K1RLGLT,Law Of Attraction Clothing Shirt,Law Of Attraction Spiritual Buddha Meditation Quote T-shirt,"Clothing, Shoes & Jewelry/Departments/Women/Shops & Clothing, Shoes & Jewelry/Departments/Men/Shops & Clothing, Shoes & Jewelry/Departments/Girls & Clothing, Shoes & Jewelry/Departments/Boys & Clothing, Shoes & Jewelry/Departments/Novelty & More/Clothing/Novelty/Women & Clothing, Shoes & Jewelry/Departments/Novelty & More/Clothing/Novelty/Men & Clothing, Shoes & Jewelry/Departments/Novelty & More/Clothing/Novelty/Girls/Tops & Tees/T-Shirts & Clothing, Shoes & Jewelry/Departments/Novelty & More/Clothing/Novelty/Boys",409033,"$1,059.47",$19.99,$13.77,53,3,0.113,5,AMZN,17.67,2018-10-30,$729.81,,"71h6DN4f4LL.jpg, 71735wVHxxL.jpg",,,0.9843in,7.9921in,10in,0.2998lb,LargeStandardSize,B07K1RLGLT,531,"$10,614.69",396,"$7,916.04"
https://www.amazon.com/dp/B0768F8DT9,Love Quality,"Love Quality Men's Summer T-Shirt 100% Cotton Hippie Shirt V-Neck Beach Yoga Top (Large, Brown)","Clothing, Shoes & Jewelry/Departments/Men/Clothing/Shirts/T-Shirts & Clothing, Shoes & Jewelry/Departments/Men/Shops",13298,"$10,328.11",$14.99,$9.51,689,492,0.222,3.8,FBA,1.4,2016-08-07,"$6,552.39",,81jFjDuRv2L.jpg,,,1.6142in,6.6142in,8.8976in,0.2491lb,LargeStandardSize,B0768F8DT9,17339,"$259,911.61",12954,"$194,180.46"
https://www.amazon.com/dp/B07CT1NQXR,Love Quality,"Love Quality Men's Summer T-Shirt 100% Cotton Hippie Shirt V-Neck Beach Yoga Top (Small, Brick)","Clothing, Shoes & Jewelry/Departments/Men/Clothing/Shirts/T-Shirts & Clothing, Shoes & Jewelry/Departments/Men/Shops",15302,"$10,103.26",$14.99,$9.51,674,492,0,3.8,FBA,1.37,--,"$6,409.74",,81GFksC6hLL.jpg,,,1.6142in,6.6142in,8.8976in,0.2491lb,LargeStandardSize,B07CT1NQXR,,,,
https://www.amazon.com/dp/B073P1QZ9S,Love Quality,"Love Quality Men's Summer T-Shirt 100% Cotton Thai Hippie Shirt V-Neck Beach Yoga Top (Small, Dark Grey)","Clothing, Shoes & Jewelry/Departments/Men/Clothing/Shirts/T-Shirts & Clothing, Shoes & Jewelry/Departments/Men/Shops",15302,"$9,983.34",$14.99,$9.51,666,492,0.113,3.8,FBA,1.35,2016-08-07,"$6,333.66",,"81HKJgXjr6L.jpg, 91w4hQIsY4L.jpg",,,1.6142in,6.6142in,8.8976in,0.2491lb,LargeStandardSize,B073P1QZ9S,17068,"$255,849.32",12751,"$191,137.49"
https://www.amazon.com/dp/B0722NWBMT,Love Quality,"Love Quality Men's Summer T-Shirt 100% Cotton Hippie Shirt V-Neck Beach Yoga Top (Small, Green)","Clothing, Shoes & Jewelry/Departments/Men/Clothing/Shirts/T-Shirts & Clothing, Shoes & Jewelry/Departments/Men/Shops",13298,"$9,548.63",$14.99,$9.51,637,492,0,3.8,FBA,1.29,2016-08-07,"$6,057.87",,51%2BcJenN23L.jpg,,,1.8898in,6.2992in,9.2913in,0.2491lb,LargeStandardSize,B0722NWBMT,17189,"$257,663.11",12842,"$192,501.58"
https://www.amazon.com/dp/B072L6K72S,Love Quality,"Love Quality Men's Summer T-Shirt 100% Cotton Thai Hippie Shirt V-Neck Beach Yoga Top (Small, Navy Blue)","Clothing, Shoes & Jewelry/Departments/Men/Clothing/Shirts/T-Shirts & Clothing, Shoes & Jewelry/Departments/Men/Shops",15302,"$10,522.98",$14.99,$9.51,702,492,0,3.8,FBA,1.43,2016-08-07,"$6,676.02",,51D4vLSZDoL.jpg,,,1.6142in,6.6142in,8.8976in,0.2491lb,LargeStandardSize,B072L6K72S,17014,"$255,039.86",12711,"$190,537.89"
https://www.amazon.com/dp/B074XQDDXW,Love Quality,"Love Quality Men's Summer T-Shirt 100% Cotton Hippie Shirt V-Neck Beach Yoga Top (Small, Beige)","Clothing, Shoes & Jewelry/Departments/Men/Clothing/Shirts/T-Shirts & Clothing, Shoes & Jewelry/Departments/Men/Shops",15302,"$10,148.23",$14.99,$9.51,677,492,0.177,3.8,FBA,1.38,--,"$6,438.27",,81PYu2EFgZL.jpg,,,1.6142in,6.6142in,8.8976in,0.2491lb,LargeStandardSize,B074XQDDXW,16891,"$253,196.09",12619,"$189,158.81"
https://www.amazon.com/dp/B018JWXQA6,Love Quality,"Men's Summer T-Shirt 100% Cotton Thai Hippie Shirt V-Neck Beach Yoga Top (Large, White)","Clothing, Shoes & Jewelry/Departments/Men/Shops & Clothing, Shoes & Jewelry/Departments/Novelty & More/Clothing/Novelty/Men/Shirts/T-Shirts",16707,"$11,497.33",$14.99,$9.48,767,1344,0.544,3.6,FBA,0.57,2015-11-26,"$7,271.16",,"71gyBB048JL.jpg, 41lskE-WelL.jpg, 419O91KQYjL.jpg, 61mJOAi5%2BnL.jpg, 51FzDio5fVL.jpg",,,1.6142in,8.7008in,12.5197in,0.2006lb,LargeStandardSize,B018JWXQA6,21715,"$325,507.85",16223,"$243,182.77"
https://www.amazon.com/dp/B07KW29NWG,Fine Art Tees,Meditation Buddha T Shirt gift idea for men and women,"Clothing, Shoes & Jewelry/Departments/Women & Clothing, Shoes & Jewelry/Departments/Men & Clothing, Shoes & Jewelry/Departments/Novelty & More/Clothing/Novelty/Women/Tops & Tees/T-Shirts & Clothing, Shoes & Jewelry/Departments/Novelty & More/Clothing/Novelty/Men",422713,$988.90,$15.95,$10.34,62,9,0,4.1,AMZN,6.89,2017-06-01,$641.08,,"71IEvLUUq1L.jpg, 71735wVHxxL.jpg",,,0.9843in,7.9921in,10in,0.2998lb,LargeStandardSize,B07KW29NWG,404,"$6,443.80",,
https://www.amazon.com/dp/B07PFLCKB8,begrateful,Meditation: It's Not What You Think - T-Shirt,"Clothing, Shoes & Jewelry/Departments/Women/Shops & Clothing, Shoes & Jewelry/Departments/Men/Shops & Clothing, Shoes & Jewelry/Departments/Novelty & More/Clothing/Novelty/Women/Tops & Tees/T-Shirts & Clothing, Shoes & Jewelry/Departments/Novelty & More/Clothing/Novelty/Men/Shirts/T-Shirts",2277728,$19.79,$19.79,$13.60,1,1,0,5,AMZN,1,2017-04-21,$13.60,,"61IZCl7oCML.jpg, 71735wVHxxL.jpg",,,0.9843in,7.9921in,10in,0.2998lb,LargeStandardSize,B07PFLCKB8,,,,
https://www.amazon.com/dp/B01MYX9S2I,TREELANCE,TREELANCE Organic Cotton Yoga Tank Tops White Moon Yoga Shirts for Women Medium,"Sports & Outdoors/Categories/Sports & Fitness/Exercise & Fitness/Yoga/Clothing/Women/Shirts & Sports & Outdoors/Categories/Sports & Fitness/Clothing/Women/Shirts & Sports & Outdoors/Sports & Fitness Features & Clothing, Shoes & Jewelry/Departments/Women/Clothing/Active/Active Shirts & Tees & Clothing, Shoes & Jewelry/Departments/Women/Shops",24729,"$9,345.32",$13.99,$8.66,668,392,0.121,4.2,FBA,1.7,2016-12-07,"$5,784.88",,"71XdBLY2tiL.jpg, 718uBFvY6PL.jpg, 91JNezJ%2BqfL.jpg, A15H2odxmSL.jpg, A1YRpUSlreL.jpg, 81MxPva4kAL.jpg, 71dnZ2cwNsL.jpg",,,1.1811in,8.189in,9.0945in,0.5997lb,LargeStandardSize,B01MYX9S2I,8851,"$123,825.49",,
https://www.amazon.com/dp/B07YMTB4JK,TREELANCE,"TREELANCE Organic Cotton Yoga Workout Tank Top Spiritual Moon Shirts Tops Tees for Women (XS, Black Chakras)","Clothing, Shoes & Jewelry/Departments/Women/Clothing/Tops, Tees & Blouses/Tanks & Camis & Clothing, Shoes & Jewelry/Departments/Women/Shops",25409,"$13,373.31",$19.99,$13.78,669,392,0,4.2,FBA,1.71,--,"$9,218.82",,"81ubV-A2DDL.jpg, 91%2BwLnLlqSL.jpg, 71dvosxdkpL.jpg, 81acLsEm2oL.jpg, A1HahWbjeXL.jpg, 91QgCgUGqBL.jpg, 51R2D-EHqrL.jpg",,,0.9055in,7.2047in,9.2126in,0.2006lb,LargeStandardSize,B07YMTB4JK,,,,
https://www.amazon.com/dp/B07YMRWQN6,TREELANCE,"TREELANCE Organic Cotton Yoga Workout Tank Top Spiritual Moon Shirts Tops Tees for Women (XS, Black with White Moons)","Clothing, Shoes & Jewelry/Departments/Women/Clothing/Tops, Tees & Blouses/Tanks & Camis & Clothing, Shoes & Jewelry/Departments/Women/Shops",24729,"$13,073.46",$19.99,$13.78,654,392,0,4.2,FBA,1.67,--,"$9,012.12",,"81onpXnB1eL.jpg, 81N07XSSVOL.jpg, A1tlywGjbgL.jpg, 91Lvp5C0L3L.jpg, 915g3tbq4cL.jpg, A1Wl8chXLXL.jpg, 51j%2Bj-KYKML.jpg",,,0.9055in,7.2047in,9.2126in,0.2006lb,LargeStandardSize,B07YMRWQN6,,,,
https://www.amazon.com/dp/B07YRBSRBR,TREELANCE,"TREELANCE Organic Cotton Yoga Workout Tank Top Spiritual Moon Shirts Tops Tees for Women (XS, Grey with Moons)","Clothing, Shoes & Jewelry/Departments/Women/Clothing/Tops, Tees & Blouses/Tanks & Camis & Clothing, Shoes & Jewelry/Departments/Women/Shops",25409,"$14,667.33",$21.99,$15.48,667,392,0,4.2,FBA,1.7,--,"$10,325.16",,"813-QUOUakL.jpg, 81f-BHITANL.jpg, 91-lM2Tx7tL.jpg, 81g-JReUYcL.jpg, 91PnaIKuEaL.jpg, 91UmlvjQ3WL.jpg",,,0.9055in,7.2047in,9.2126in,0.2006lb,LargeStandardSize,B07YRBSRBR,,,,
https://www.amazon.com/dp/B06XBZTGWV,TREELANCE,TREELANCE Organic Cotton Yoga Tank Tops. Yoga Shirts for Women. Black Compassion Small.,"Sports & Outdoors/Categories/Sports & Fitness/Exercise & Fitness/Yoga/Clothing/Women/Shirts & Sports & Outdoors/Categories/Sports & Fitness/Clothing/Women/Shirts & Sports & Outdoors/Sports & Fitness Features & Clothing, Shoes & Jewelry/Departments/Women/Clothing/Active/Active Shirts & Tees & Clothing, Shoes & Jewelry/Departments/Women/Shops",25409,"$9,681.08",$13.99,$8.68,692,392,0.026,4.2,FBA,1.77,2016-07-03,"$6,006.56",,"61wO-tPUDSL.jpg, 51JcQFoJvzL.jpg, 81-Ux8BibBL.jpg, 71A6XscjBvL.jpg, 911DTUVUOTL.jpg, 91G-ezXXdiL.jpg, 61498gDIslL.jpg",,,0.9055in,7.2047in,9.2126in,0.2006lb,LargeStandardSize,B06XBZTGWV,8717,"$121,950.83",,
https://www.amazon.com/dp/B07YMRZY2S,TREELANCE,"TREELANCE Organic Cotton Yoga Workout Tank Top Spiritual Moon Shirts Tops Tees for Women (XS, Black I Love Handstands)","Clothing, Shoes & Jewelry/Departments/Women/Clothing/Tops, Tees & Blouses/Tanks & Camis & Clothing, Shoes & Jewelry/Departments/Women/Shops",25409,"$13,613.19",$19.99,$13.78,681,392,0,4.2,FBA,1.74,--,"$9,384.18",,"71KHyrIqf-L.jpg, 91tJjJeOdCL.jpg, 914MJDl2KqL.jpg, 91qLWNksXmL.jpg, 91duOA-4BGL.jpg, 81zrcdy4%2BSL.jpg, 81z37xu-DyL.jpg",,,0.9055in,7.2047in,9.2126in,0.2006lb,LargeStandardSize,B07YMRZY2S,,,,
https://www.amazon.com/dp/B07TV8LBQS,Disney,Disney Lion King Rafiki Positive Vibes Meditation Portrait T-Shirt,"Clothing, Shoes & Jewelry/Departments/Women/Shops & Clothing, Shoes & Jewelry/Departments/Men/Shops & Clothing, Shoes & Jewelry/Departments/Girls & Clothing, Shoes & Jewelry/Departments/Boys & Clothing, Shoes & Jewelry/Departments/Novelty & More/Clothing/Novelty/Women & Clothing, Shoes & Jewelry/Departments/Novelty & More/Clothing/Novelty/Men/Shirts/T-Shirts & Clothing, Shoes & Jewelry/Departments/Novelty & More/Clothing/Novelty/Girls & Clothing, Shoes & Jewelry/Departments/Novelty & More/Clothing/Novelty/Boys",522525,$413.82,$22.99,$16.32,18,2,0,4,AMZN,9,--,$293.76,,711TSPUh5kL.jpg,,,0.9843in,7.9921in,10in,0.2998lb,LargeStandardSize,B07TV8LBQS,,,,
https://www.amazon.com/dp/B076KZPYWT,Joob Joob,"JOOP JOOP Bohemian Tapered Elephant Harem Loose Yoga Travel Lounge Pants,Onyx,Large / X-Large","Clothing, Shoes & Jewelry/Departments/Women/Clothing & Clothing, Shoes & Jewelry/Departments/Women/Shops",3848,"$51,713.95",$17.95,$12.83,2881,1160,0.184,3.8,FBA,2.48,2017-10-16,"$36,963.23",,"812rwEwB4IL.jpg, 817Rx2R8cPL.jpg, 81Yp35BrxFL.jpg, 81%2BGCStq5qL.jpg, 911nPa6qC-L.jpg, 91TIm02vb0L.jpg",,,0.7087in,7.5197in,11.2992in,0.3505lb,SmallStandardSize,B076KZPYWT,66101,"$1,186,512.95",,
https://www.amazon.com/dp/B076KLCX73,Joob Joob,"JOOP JOOP Bohemian Tapered Elephant Harem Loose Yoga Pants,Crimson,S/M","Clothing, Shoes & Jewelry/Departments/Women/Clothing & Clothing, Shoes & Jewelry/Departments/Women/Shops",4158,"$49,990.75",$17.95,$12.04,2785,1160,0.191,3.8,FBA,2.4,2017-10-16,"$33,531.40",,"81dEYT0wIbL.jpg, 81u2jVwsfbL.jpg, 91Nxe5-P2RL.jpg, 71vba-4GxjL.jpg, 912RjnnQfCL.jpg, 81Y8jZyUDAL.jpg, 71PBbWnNBuL.jpg",,,0.7874in,7.7953in,11.4173in,0.2998lb,LargeStandardSize,B076KLCX73,65324,"$1,172,565.80",,
https://www.amazon.com/dp/B07BLMH14N,Joob Joob,"Joop Joop Bohemian Tapered Elephant Harem Loose, Light Blue, Size Small - Medium","Clothing, Shoes & Jewelry/Departments/Women/Clothing/Pants & Clothing, Shoes & Jewelry/Departments/Women/Shops",4158,"$50,116.40",$17.95,$12.05,2792,1160,0.188,3.8,FBA,2.41,2018-04-15,"$33,643.60",,"91mf8FGj-rL.jpg, 91PRox%2BTAGL.jpg, 910nl6O2qJL.jpg, 81j6f-L1XwL.jpg, 91QqLasGHRL.jpg, A1s2QC0cE9L.jpg, 81zixEjJ0FL.jpg",,,1.1811in,5.5906in,7.3228in,0.2491lb,LargeStandardSize,B07BLMH14N,66766,"$1,198,449.70",,
https://www.amazon.com/dp/B07BLMJ9JT,Joob Joob,"Joop Joop Bohemian Tapered Elephant Harem Loose Yoga Travel Lounge Pants (S/M, Jet)","Clothing, Shoes & Jewelry/Departments/Women/Clothing & Clothing, Shoes & Jewelry/Departments/Women/Shops",4158,"$50,690.80",$17.95,$12.03,2824,1160,0.186,3.8,FBA,2.43,2018-04-15,"$33,972.72",,"71XQeJYMWxL.jpg, 71hFrMFR2qL.jpg, 71k8VyMhdPL.jpg, 71GG8h5WOxL.jpg, 81n%2BAqtaqAL.jpg, 71h7Xygo4AL.jpg",,,1.1024in,7.5197in,11.4961in,0.2006lb,LargeStandardSize,B07BLMJ9JT,66705,"$1,197,354.75",,
https://www.amazon.com/dp/B076KPZQ46,Joob Joob,"JOOP JOOP Bohemian Tapered Elephant Harem Loose Yoga Pants,Magenta,S/M","Clothing, Shoes & Jewelry/Departments/Women/Clothing & Clothing, Shoes & Jewelry/Departments/Women/Shops",4158,"$51,301.10",$17.95,$12.04,2858,1160,0.204,3.8,FBA,2.46,2017-10-16,"$34,410.32",,"81EPI1s87rL.jpg, 81McMKooNlL.jpg, 81z6%2BpT-6FL.jpg, 91NcY-EVaSL.jpg, 91olf8h4oCL.jpg, 71PBbWnNBuL.jpg",,,0.9055in,7.2835in,11.2598in,0.2998lb,LargeStandardSize,B076KPZQ46,66952,"$1,201,788.40",,
https://www.amazon.com/dp/B076KK8M7X,Joob Joob,"JOOP JOOP Bohemian Tapered Elephant Harem Loose Yoga Travel Lounge Pants (S/M, Midnight)","Clothing, Shoes & Jewelry/Departments/Women/Clothing & Clothing, Shoes & Jewelry/Departments/Women/Shops",4158,"$50,636.95",$17.95,$12.03,2821,1160,0.191,3.8,FBA,2.43,2017-11-20,"$33,936.63",,"81cbhtEvMeL.jpg, 913p8QBbcxL.jpg, 8100LMqbCOL.jpg, 91D6qJbre7L.jpg, 91Z2wLcXxWL.jpg, 71PBbWnNBuL.jpg",,,1.1024in,7.4016in,11.6929in,0.2998lb,LargeStandardSize,B076KK8M7X,66411,"$1,192,077.45",,
https://www.amazon.com/dp/B07P799MK1,Pack A Punch,"Yoga Shirt. Retro Style Meditation, Evolution T-Shirt","Clothing, Shoes & Jewelry/Departments/Women/Shops & Clothing, Shoes & Jewelry/Departments/Men/Shops & Clothing, Shoes & Jewelry/Departments/Girls & Clothing, Shoes & Jewelry/Departments/Boys & Clothing, Shoes & Jewelry/Departments/Novelty & More/Clothing/Novelty/Women/Tops & Tees/T-Shirts & Clothing, Shoes & Jewelry/Departments/Novelty & More/Clothing/Novelty/Men/Shirts/T-Shirts & Clothing, Shoes & Jewelry/Departments/Novelty & More/Clothing/Novelty/Girls/Tops & Tees/T-Shirts & Clothing, Shoes & Jewelry/Departments/Novelty & More/Clothing/Novelty/Boys/Tops & Tees/T-Shirts",15400881,$0.00,$19.99,$13.77,0,0,0,,AMZN,,--,$0.00,,"711lvYwca0L.jpg, 71735wVHxxL.jpg",,,0.9843in,7.9921in,10in,0.2998lb,LargeStandardSize,B07P799MK1,,,,
https://www.amazon.com/dp/B071NZDMXC,Minibee,"Minibee Women's 3/4 Sleeve Cotton Linen Jacquard Blouses Top T-Shirt (L, Gray)","Clothing, Shoes & Jewelry/Departments/Women/Clothing/Tops, Tees & Blouses/Tunics & Clothing, Shoes & Jewelry/Departments/Women/Shops",15325,"$18,557.37",$27.99,$20.54,663,740,0.317,3.7,FBA,0.9,2017-04-20,"$13,618.02",,61AiUHF6uqL.jpg,,,1.1024in,9.4094in,13.3858in,0.5004lb,LargeStandardSize,B071NZDMXC,21996,"$615,668.04",,
https://www.amazon.com/dp/B07J9VD4PZ,Meditation Tshirts,Evolution meditation T-Shirt,"Clothing, Shoes & Jewelry/Departments/Women/Shops & Clothing, Shoes & Jewelry/Departments/Men/Shops & Clothing, Shoes & Jewelry/Departments/Girls & Clothing, Shoes & Jewelry/Departments/Boys & Clothing, Shoes & Jewelry/Departments/Novelty & More/Clothing/Novelty/Women/Tops & Tees/T-Shirts & Clothing, Shoes & Jewelry/Departments/Novelty & More/Clothing/Novelty/Men/Shirts/T-Shirts & Clothing, Shoes & Jewelry/Departments/Novelty & More/Clothing/Novelty/Girls/Tops & Tees/T-Shirts & Clothing, Shoes & Jewelry/Departments/Novelty & More/Clothing/Novelty/Boys/Tops & Tees/T-Shirts",6315137,$0.00,$15.99,$10.37,0,0,0,,AMZN,,2018-10-11,$0.00,,"71gGpeB5zML.jpg, 71735wVHxxL.jpg",,,0.9843in,7.9921in,10in,0.2998lb,LargeStandardSize,B07J9VD4PZ,,,,
https://www.amazon.com/dp/B082167Z2B,PJ PAUL JONES,PJ PAUL JONES Men's Linen Pirate Hippie Ghillie Shirt Long Sleeve Kilt Shirt Grey-01 XL,"Clothing, Shoes & Jewelry/Departments/Men/Clothing/Shirts/T-Shirts & Clothing, Shoes & Jewelry/Departments/Men/Shops",72584,"$3,898.05",$19.99,$13.73,195,19,0,4.6,FBA,10.26,--,"$2,677.35",,"71Ylc-smtIL.jpg, 71tPQxccPXL.jpg, 714DPAvYkZL.jpg, 914tW4CePpL.jpg, 71nU02jppRL.jpg, 71Lpv7BobGL.jpg",,,1.1811in,10.1575in,13.8583in,0.5997lb,LargeStandardSize,B082167Z2B,,,,
https://www.amazon.com/dp/B07R3TKWSM,Spiritual Youngster,Spiritual Girl w/ Henna Tattoos & Chakras Meditating T-Shirt,"Clothing, Shoes & Jewelry/Departments/Women & Clothing, Shoes & Jewelry/Departments/Men & Clothing, Shoes & Jewelry/Departments/Novelty & More/Clothing/Novelty/Women/Tops & Tees/T-Shirts & Clothing, Shoes & Jewelry/Departments/Novelty & More/Clothing/Novelty/Men & Clothing, Shoes & Jewelry/Departments/Novelty & More/Clothing/Novelty/Girls & Clothing, Shoes & Jewelry/Departments/Novelty & More/Clothing/Novelty/Boys",1354056,$399.80,$19.99,$13.77,20,2,0.15,5,AMZN,10,--,$275.40,,71Ic7DDkjDL.jpg,,,0.9843in,7.9921in,10in,0.2998lb,LargeStandardSize,B07R3TKWSM,,,,
https://www.amazon.com/dp/B07QHXLVF3,Namaste Gifts,Lotus Flower Yoga Shirt Breathe Meditation Gift Peace Love,"Clothing, Shoes & Jewelry/Departments/Women/Shops & Clothing, Shoes & Jewelry/Departments/Men/Shops & Clothing, Shoes & Jewelry/Departments/Girls & Clothing, Shoes & Jewelry/Departments/Boys & Clothing, Shoes & Jewelry/Departments/Novelty & More/Clothing/Novelty/Women/Tops & Tees/T-Shirts & Clothing, Shoes & Jewelry/Departments/Novelty & More/Clothing/Novelty/Men & Clothing, Shoes & Jewelry/Departments/Novelty & More/Clothing/Novelty/Girls & Clothing, Shoes & Jewelry/Departments/Novelty & More/Clothing/Novelty/Boys",1314416,$399.80,$19.99,$13.77,20,3,0.15,5,AMZN,6.67,--,$275.40,,71U6BpO-0EL.jpg,,,0.9843in,7.9921in,10in,0.2998lb,LargeStandardSize,B07QHXLVF3,,,,
https://www.amazon.com/dp/B07NFRNVZD,Disney,Disney Lion King Rafiki Chill Out Meditation Premium T-Shirt,"Clothing, Shoes & Jewelry/Departments/Women/Shops & Clothing, Shoes & Jewelry/Departments/Men/Shops & Clothing, Shoes & Jewelry/Departments/Girls & Clothing, Shoes & Jewelry/Departments/Boys & Clothing, Shoes & Jewelry/Departments/Novelty & More/Clothing/Novelty/Women & Clothing, Shoes & Jewelry/Departments/Novelty & More/Clothing/Novelty/Men/Shirts/T-Shirts & Clothing, Shoes & Jewelry/Departments/Novelty & More/Clothing/Novelty/Girls & Clothing, Shoes & Jewelry/Departments/Novelty & More/Clothing/Novelty/Boys",2946307,$0.00,$25.99,$18.87,0,2,0,5,AMZN,,--,$0.00,,"71P41cXoTkL.jpg, 81RJfmPyP4L.jpg",,,0.9843in,7.9921in,10in,0.2998lb,LargeStandardSize,B07NFRNVZD,,,,
https://www.amazon.com/dp/B072J8L7DD,Amazing Grace Elephant Company Limited,Amazing Grace Unisex Calligraphy Hippie Shirt - Yoga - Beach- Meditation Top (Scholar White),"Clothing, Shoes & Jewelry/Departments/Men/Clothing/Shirts & Clothing, Shoes & Jewelry/Departments/Men/Shops",881454,$312.50,$12.50,$8.19,25,7,0.36,3.9,FBA,3.57,2017-05-23,$204.75,,"6129WwSmnuL.jpg, 61L9qgvG7bL.jpg, 61CQ0SjtJ2L.jpg, 51o59K-Hj7L.jpg, 61RZzdfPNWL.jpg, 51rohAcWDML.jpg",,,0.3937in,9.0157in,12.0079in,0.2006lb,SmallStandardSize,B072J8L7DD,327,"$4,087.50",,
https://www.amazon.com/dp/B071ZFK21D,Amazing Grace Elephant Company Limited,Amazing Grace Unisex Calligraphy Hippie Shirt - Yoga - Beach- Meditation Top (Bamboo Black),"Clothing, Shoes & Jewelry/Departments/Men/Clothing/Shirts & Clothing, Shoes & Jewelry/Departments/Men/Shops",881454,$300.00,$12.50,$8.19,24,7,0,3.9,FBA,3.43,2017-05-23,$196.56,,"61gJf-nAgOL.jpg, 610mJucGcBL.jpg, 612Gocow42L.jpg, 61v2geeWcCL.jpg, 516Oh2YKePL.jpg",,,0.3937in,9.0157in,12.0079in,0.2006lb,SmallStandardSize,B071ZFK21D,464,"$5,800.00",,
https://www.amazon.com/dp/B072PR9NVG,Amazing Grace Elephant Company Limited,Amazing Grace Unisex Calligraphy Hippie Shirt - Yoga - Beach- Meditation Top (Scholar Black),"Clothing, Shoes & Jewelry/Departments/Men/Clothing/Shirts & Clothing, Shoes & Jewelry/Departments/Men/Shops",867856,$387.50,$12.50,$8.19,31,7,0,3.9,FBA,4.43,2017-05-23,$253.89,,"619DDInHkZL.jpg, 61YYsJH4hJL.jpg, 51YrD%2BjlDFL.jpg, 51sTIL2r3pL.jpg",,,0.3937in,9.0157in,12.0079in,0.2006lb,SmallStandardSize,B072PR9NVG,318,"$3,975.00",,
https://www.amazon.com/dp/B072FNZBXN,Amazing Grace Elephant Company Limited,Amazing Grace Unisex Calligraphy Hippie Shirt - Yoga - Beach- Meditation Top (Struggle-Poem Black),"Clothing, Shoes & Jewelry/Departments/Men/Clothing/Shirts & Clothing, Shoes & Jewelry/Departments/Men/Shops",881454,$325.00,$12.50,$8.19,26,7,0,3.9,FBA,3.71,2017-05-22,$212.94,,"61ay7etYdQL.jpg, 61lOLm4cXvL.jpg, 61yDbl-c0JL.jpg, 51pcIRfczaL.jpg, 51sTIL2r3pL.jpg",,,0.3937in,9.0157in,12.0079in,0.2006lb,SmallStandardSize,B072FNZBXN,462,"$5,775.00",,
https://www.amazon.com/dp/B071P7GF4W,Amazing Grace Elephant Company Limited,Amazing Grace Unisex Calligraphy Hippie Shirt - Yoga - Beach- Meditation Top (Patience Black),"Clothing, Shoes & Jewelry/Departments/Men/Clothing/Shirts & Clothing, Shoes & Jewelry/Departments/Men/Shops",881454,$375.00,$12.50,$8.19,30,7,0,3.9,FBA,4.29,2017-05-23,$245.70,,"61TelPmuHWL.jpg, 616UpqPSQOL.jpg, 619pGM3uexL.jpg, 61Pi0%2BPdHtL.jpg, 51sTIL2r3pL.jpg",,,0.3937in,9.0157in,12.0079in,0.2006lb,SmallStandardSize,B071P7GF4W,367,"$4,587.50",,
https://www.amazon.com/dp/B071LMTPBH,Amazing Grace Elephant Company Limited,Amazing Grace Unisex Calligraphy Hippie Shirt - Yoga - Beach- Meditation Top (Dragon White),"Clothing, Shoes & Jewelry/Departments/Men/Clothing/Shirts & Clothing, Shoes & Jewelry/Departments/Men/Shops",881454,$325.00,$12.50,$8.19,26,7,0,3.9,FBA,3.71,2017-05-23,$212.94,,"715VgDDCIOL.jpg, 61hGTwH5LWL.jpg, 615G8hzEPjL.jpg, 51bFMaWV6pL.jpg, 61FjjaISEZL.jpg, 51ofWMO6pSL.jpg",,,0.3937in,9.0157in,12.0079in,0.2006lb,SmallStandardSize,B071LMTPBH,327,"$4,087.50",,
https://www.amazon.com/dp/B07W5XG9QT,Peace Love And Light Buddha Meditation Yoga Gift,Womens Retro Vintage Chakra I'm Mostly Peace Love And Light Yoga T-Shirt,"Clothing, Shoes & Jewelry/Departments/Women/Shops & Clothing, Shoes & Jewelry/Departments/Novelty & More/Clothing/Novelty/Women/Tops & Tees/T-Shirts",281486,$917.49,$17.99,$12.07,51,2,0.059,5,AMZN,25.5,--,$615.57,,71o0Cd8V4YL.jpg,,,0.9843in,7.9921in,10in,0.2998lb,LargeStandardSize,B07W5XG9QT,,,,
https://www.amazon.com/dp/B07DKLPWY7,Yantra & Mantra Yoga Style Tees,Embrace Your Inner Space - Chakra Mandala Meditation T Shirt,"Clothing, Shoes & Jewelry/Departments/Women/Shops & Clothing, Shoes & Jewelry/Departments/Men/Shops & Clothing, Shoes & Jewelry/Departments/Novelty & More/Clothing/Novelty/Women & Clothing, Shoes & Jewelry/Departments/Novelty & More/Clothing/Novelty/Men/Shirts/T-Shirts",1361780,$246.87,$18.99,$12.92,13,3,0.231,5,AMZN,4.33,2018-06-06,$167.96,,"71mgg8ME%2BbL.jpg, 71735wVHxxL.jpg",,,0.9843in,7.9921in,10in,0.2998lb,LargeStandardSize,B07DKLPWY7,144,"$2,734.56",,
https://www.amazon.com/dp/B07R8NBS2J,Yoga Apparel.,Highly Meditated Funny Spiritual Yoga Meditation Gift  Tank Top,"Clothing, Shoes & Jewelry/Departments/Women & Clothing, Shoes & Jewelry/Departments/Men & Clothing, Shoes & Jewelry/Departments/Novelty & More/Clothing/Novelty/Women/Tops & Tees/Tanks & Camis & Clothing, Shoes & Jewelry/Departments/Novelty & More/Clothing/Novelty/Men",1290153,$259.87,$19.99,$13.77,13,0,0,,AMZN,,--,$179.01,,715o1CuURFL.jpg,,,0.9843in,7.9921in,10in,0.2998lb,LargeStandardSize,B07R8NBS2J,,,,
https://www.amazon.com/dp/B07NFPLPBD,Breathe Buddha T-Shirt,Breathe Buddha T-Shirt Gift Idea Yoga and Meditation,"Clothing, Shoes & Jewelry/Departments/Women/Shops & Clothing, Shoes & Jewelry/Departments/Men/Shops & Clothing, Shoes & Jewelry/Departments/Novelty & More/Clothing/Novelty/Women/Tops & Tees/T-Shirts & Clothing, Shoes & Jewelry/Departments/Novelty & More/Clothing/Novelty/Men",483049,$359.82,$19.99,$13.77,18,5,0.333,5,AMZN,3.6,2019-02-06,$247.86,,"71R64QpLroL.jpg, 71735wVHxxL.jpg",,,0.9843in,7.9921in,10in,0.2998lb,LargeStandardSize,B07NFPLPBD,,,,
https://www.amazon.com/dp/B07RKTJ24C,Yoga Lotus Meditation Shirts,Lotus Flower Yoga Meditation Om T-Shirt,"Clothing, Shoes & Jewelry/Departments/Women/Shops & Clothing, Shoes & Jewelry/Departments/Men/Shops & Clothing, Shoes & Jewelry/Departments/Girls & Clothing, Shoes & Jewelry/Departments/Boys & Clothing, Shoes & Jewelry/Departments/Novelty & More/Clothing/Novelty/Women/Tops & Tees/T-Shirts & Clothing, Shoes & Jewelry/Departments/Novelty & More/Clothing/Novelty/Men/Shirts/T-Shirts & Clothing, Shoes & Jewelry/Departments/Novelty & More/Clothing/Novelty/Girls/Tops & Tees/T-Shirts & Clothing, Shoes & Jewelry/Departments/Novelty & More/Clothing/Novelty/Boys/Tops & Tees/T-Shirts",1676339,$95.94,$15.99,$10.37,6,1,0,5,AMZN,6,--,$62.22,,71H1kgSkFrL.jpg,,,0.9843in,7.9921in,10in,0.2998lb,LargeStandardSize,B07RKTJ24C,,,,
https://www.amazon.com/dp/B06XKZGVLB,Yak & Yeti,"Mens Tunic Muslin Cotton Cream Colored 3-button Loop Closure, Mandarin Collar (XXL)","Clothing, Shoes & Jewelry/Departments/Men/Shops",146628,"$4,342.19",$23.99,$17.14,181,216,0.265,4.3,FBA,0.84,2014-10-30,"$3,102.34",,"81xRfxFOa6L.jpg, 81T5lMc0FBL.jpg, A1LEXvNKqtL.jpg, 319x9ZIWtyL.jpg",,,2.2835in,6.1811in,11.4173in,0.549lb,LargeStandardSize,B06XKZGVLB,4108,"$98,550.92",,
https://www.amazon.com/dp/B07BB3C5TB,Meta Clothing,7 Chakras Tee Meditation Kundalini Yoga T Shirt 2. Edition,"Clothing, Shoes & Jewelry/Departments/Women/Shops & Clothing, Shoes & Jewelry/Departments/Men/Shops & Clothing, Shoes & Jewelry/Departments/Novelty & More/Clothing/Novelty/Women & Clothing, Shoes & Jewelry/Departments/Novelty & More/Clothing/Novelty/Men/Shirts/T-Shirts",1622753,$143.92,$17.99,$12.07,8,4,0.75,4.7,AMZN,2,2018-03-07,$96.56,,"71udgK6xvXL.jpg, 71735wVHxxL.jpg",,,0.9843in,7.9921in,10in,0.2998lb,LargeStandardSize,B07BB3C5TB,190,"$3,418.10",,
https://www.amazon.com/dp/B07NFRWH14,Disney,Disney Lion King Rafiki Chill Out Meditation Graphic T-Shirt,"Clothing, Shoes & Jewelry/Departments/Women/Shops & Clothing, Shoes & Jewelry/Departments/Men/Shops & Clothing, Shoes & Jewelry/Departments/Girls & Clothing, Shoes & Jewelry/Departments/Boys & Clothing, Shoes & Jewelry/Departments/Novelty & More/Clothing/Novelty/Women/Tops & Tees/T-Shirts & Clothing, Shoes & Jewelry/Departments/Novelty & More/Clothing/Novelty/Men/Shirts/T-Shirts & Clothing, Shoes & Jewelry/Departments/Novelty & More/Clothing/Novelty/Girls/Tops & Tees/T-Shirts & Clothing, Shoes & Jewelry/Departments/Novelty & More/Clothing/Novelty/Boys/Tops & Tees/T-Shirts",1039828,$597.74,$22.99,$16.32,26,1,0,5,AMZN,26,--,$424.32,,"71chojmHSoL.jpg, 71735wVHxxL.jpg",,,0.9843in,7.9921in,10in,0.2998lb,LargeStandardSize,B07NFRWH14,,,,
https://www.amazon.com/dp/B07LBLXQFQ,Balance Tees,Heavy Meditated T-Shirt Meditation Tshirt Gift Tee Flower,"Clothing, Shoes & Jewelry/Departments/Women/Shops & Clothing, Shoes & Jewelry/Departments/Men/Shops & Clothing, Shoes & Jewelry/Departments/Girls & Clothing, Shoes & Jewelry/Departments/Boys & Clothing, Shoes & Jewelry/Departments/Novelty & More/Clothing/Novelty/Women/Tops & Tees/T-Shirts & Clothing, Shoes & Jewelry/Departments/Novelty & More/Clothing/Novelty/Men/Shirts/T-Shirts & Clothing, Shoes & Jewelry/Departments/Novelty & More/Clothing/Novelty/Girls/Tops & Tees/T-Shirts & Clothing, Shoes & Jewelry/Departments/Novelty & More/Clothing/Novelty/Boys/Tops & Tees/T-Shirts",1430949,$167.40,$13.95,$8.64,12,2,0,3,AMZN,6,2018-12-12,$103.68,,"719-YcVaUoL.jpg, 71735wVHxxL.jpg",,,0.9843in,7.9921in,10in,0.2998lb,LargeStandardSize,B07LBLXQFQ,249,"$3,473.55",,
https://www.amazon.com/dp/B07QYSG8VS,Hello Kitty,Hello Kitty Yoga Peace Love Lotus Meditation T-Shirt,"Clothing, Shoes & Jewelry/Departments/Women/Shops & Clothing, Shoes & Jewelry/Departments/Men/Shops & Clothing, Shoes & Jewelry/Departments/Girls & Clothing, Shoes & Jewelry/Departments/Boys & Clothing, Shoes & Jewelry/Departments/Novelty & More/Clothing/Novelty/Women/Tops & Tees/T-Shirts & Clothing, Shoes & Jewelry/Departments/Novelty & More/Clothing/Novelty/Men/Shirts/T-Shirts & Clothing, Shoes & Jewelry/Departments/Novelty & More/Clothing/Novelty/Girls/Tops & Tees/T-Shirts & Clothing, Shoes & Jewelry/Departments/Novelty & More/Clothing/Novelty/Boys/Tops & Tees/T-Shirts",2017427,$99.95,$19.99,$13.77,5,0,0,,AMZN,,--,$68.85,,71DKRN9a6lL.jpg,,,0.9843in,7.9921in,10in,0.2998lb,LargeStandardSize,B07QYSG8VS,,,,
https://www.amazon.com/dp/B07NPXD3Y6,Yoga Meditation Chakra Tees,Chakras Shirt Yoga Meditation Namaste,"Clothing, Shoes & Jewelry/Departments/Women/Shops & Clothing, Shoes & Jewelry/Departments/Men/Shops & Clothing, Shoes & Jewelry/Departments/Girls & Clothing, Shoes & Jewelry/Departments/Boys & Clothing, Shoes & Jewelry/Departments/Novelty & More/Clothing/Novelty/Women & Clothing, Shoes & Jewelry/Departments/Novelty & More/Clothing/Novelty/Men/Shirts/T-Shirts & Clothing, Shoes & Jewelry/Departments/Novelty & More/Clothing/Novelty/Girls & Clothing, Shoes & Jewelry/Departments/Novelty & More/Clothing/Novelty/Boys",639831,$254.85,$16.99,$11.22,15,4,0,3.8,AMZN,3.75,--,$168.30,,"71PHU9MBnqL.jpg, 71735wVHxxL.jpg",,,0.9843in,7.9921in,10in,0.2998lb,LargeStandardSize,B07NPXD3Y6,,,,
https://www.amazon.com/dp/B07KVZF6DT,Zen Bonsai Tree Yin Yang Japanese T-Shirts,Yin Yang Bonsai Tree Japanese Buddhist Zen T-Shirt,"Clothing, Shoes & Jewelry/Departments/Men/Shops & Clothing, Shoes & Jewelry/Departments/Novelty & More/Clothing/Novelty",712559,$987.75,$21.95,$15.44,45,21,0.133,4.1,AMZN,2.14,2017-07-27,$694.80,,"71jpoarNpkL.jpg, 71735wVHxxL.jpg",,,0.9843in,7.9921in,10in,0.2998lb,LargeStandardSize,B07KVZF6DT,958,"$21,028.10",,
https://www.amazon.com/dp/B07QVMRHPK,yourspiritdesign,Zen Enso Symbol | Yoga Spiritual Meditation T-Shirt,"Clothing, Shoes & Jewelry/Departments/Women/Shops & Clothing, Shoes & Jewelry/Departments/Men/Shops & Clothing, Shoes & Jewelry/Departments/Novelty & More/Clothing/Novelty/Women & Clothing, Shoes & Jewelry/Departments/Novelty & More/Clothing/Novelty/Men/Shirts/T-Shirts",1177602,$219.89,$19.99,$13.77,11,1,0,5,AMZN,11,--,$151.47,,71c3sd%2BcYbL.jpg,,,0.9843in,7.9921in,10in,0.2998lb,LargeStandardSize,B07QVMRHPK,,,,
https://www.amazon.com/dp/B081KFZJQZ,Namaste Bitchs Yoga Apparel Co,Namaste Bitchs Funny Yoga Meditation T-Shirt,"Clothing, Shoes & Jewelry/Departments/Women/Shops & Clothing, Shoes & Jewelry/Departments/Men/Shops & Clothing, Shoes & Jewelry/Departments/Novelty & More/Clothing/Novelty/Women/Tops & Tees/T-Shirts & Clothing, Shoes & Jewelry/Departments/Novelty & More/Clothing/Novelty/Men/Shirts/T-Shirts",2339635,$44.97,$14.99,$9.52,3,1,0,5,AMZN,3,--,$28.56,,71fH5sUHmXL.jpg,,,0.9843in,7.9921in,10in,0.2998lb,LargeStandardSize,B081KFZJQZ,,,,
https://www.amazon.com/dp/B07KWHQ6V9,Yoga Meditation Om Tee,Lotus Flower Yoga Meditation Om Namaste T-Shirt,"Clothing, Shoes & Jewelry/Departments/Women/Shops & Clothing, Shoes & Jewelry/Departments/Novelty & More/Clothing/Novelty/Women/Tops & Tees/T-Shirts",727719,$479.76,$19.99,$13.77,24,10,0.125,4.6,AMZN,2.4,2017-07-03,$330.48,,"71-i8PI8TnL.jpg, 71735wVHxxL.jpg",,,0.9843in,7.9921in,10in,0.2998lb,LargeStandardSize,B07KWHQ6V9,498,"$9,955.02",,
https://www.amazon.com/dp/B07GNM5T7T,LOFBAZ,LOFBAZ Men's Hoodie Hippie Shirts Beach 100% Soft Cotton Top Yoga Shirt Boho - Solid White - 3XL,"Sports & Outdoors/Categories/Sports & Fitness/Exercise & Fitness/Yoga/Clothing/Men & Sports & Outdoors/Categories/Sports & Fitness/Clothing/Men/Sweatshirts & Hoodies & Sports & Outdoors/Sports & Fitness Features & Clothing, Shoes & Jewelry/Departments/Men/Clothing/Active/Active Hoodies & Clothing, Shoes & Jewelry/Departments/Men/Clothing/Fashion Hoodies & Sweatshirts & Clothing, Shoes & Jewelry/Departments/Men/Shops",630195,$50.97,$16.99,$11.22,3,23,4,2.9,FBA,0.13,2018-08-20,$33.66,,"61oZosDRQsL.jpg, 61eiNc9QCvL.jpg, 610CeU%2BVaXL.jpg, 61R%2BR1IefML.jpg",,,1.2205in,7.0079in,7.4409in,0.2998lb,LargeStandardSize,B07GNM5T7T,821,"$13,948.79",,
https://www.amazon.com/dp/B07GNGXT1J,LOFBAZ,LOFBAZ Men's Hoodie Hippie Shirts Beach 100% Soft Cotton Top Yoga Shirt Boho - Solid Dark Blue - S,"Sports & Outdoors/Categories/Sports & Fitness/Exercise & Fitness/Yoga/Clothing/Men & Sports & Outdoors/Categories/Sports & Fitness/Clothing/Men/Sweatshirts & Hoodies & Sports & Outdoors/Sports & Fitness Features & Clothing, Shoes & Jewelry/Departments/Men/Clothing/Active/Active Hoodies & Clothing, Shoes & Jewelry/Departments/Men/Clothing/Fashion Hoodies & Sweatshirts & Clothing, Shoes & Jewelry/Departments/Men/Shops",630195,$207.87,$15.99,$10.37,13,23,0.692,2.9,FBA,0.57,2018-08-20,$134.81,,"71l7egN7zML.jpg, 61QyEebiNuL.jpg, 71fy4G2re%2BL.jpg, 61R%2BR1IefML.jpg",,,1.3386in,7.2441in,7.7559in,0.3109lb,LargeStandardSize,B07GNGXT1J,716,"$11,448.84",,
https://www.amazon.com/dp/B07GNL6C57,LOFBAZ,LOFBAZ Men's Hoodie Hippie Shirts Beach 100% Soft Cotton Top Yoga Shirt Boho - Solid Red - S,"Sports & Outdoors/Categories/Sports & Fitness/Exercise & Fitness/Yoga/Clothing/Men/Jackets & Hoodies & Sports & Outdoors/Categories/Sports & Fitness/Clothing/Men/Sweatshirts & Hoodies & Sports & Outdoors/Sports & Fitness Features & Clothing, Shoes & Jewelry/Departments/Men/Clothing/Active/Active Hoodies & Clothing, Shoes & Jewelry/Departments/Men/Clothing/Fashion Hoodies & Sweatshirts & Clothing, Shoes & Jewelry/Departments/Men/Shops",630195,$751.53,$15.99,$10.37,47,23,0.383,2.9,FBA,2.04,2018-08-20,$487.39,,"611s2MjutrL.jpg, 61JfD9f8-sL.jpg, 61vbU9yFOvL.jpg, 61R%2BR1IefML.jpg",,,1.2205in,7.0079in,7.4409in,0.2998lb,LargeStandardSize,B07GNL6C57,870,"$13,911.30",,
https://www.amazon.com/dp/B07GNKGC47,LOFBAZ,LOFBAZ Men's Hoodie Hippie Shirts Beach 100% Soft Cotton Top Yoga Shirt Boho - Solid Purple - S,"Sports & Outdoors/Categories/Sports & Fitness/Exercise & Fitness/Yoga/Clothing/Men & Sports & Outdoors/Categories/Sports & Fitness/Clothing/Men/Sweatshirts & Hoodies & Sports & Outdoors/Sports & Fitness Features & Clothing, Shoes & Jewelry/Departments/Men/Clothing/Active/Active Hoodies & Clothing, Shoes & Jewelry/Departments/Men/Clothing/Fashion Hoodies & Sweatshirts & Clothing, Shoes & Jewelry/Departments/Men/Shops",630195,$447.72,$15.99,$10.37,28,23,0.214,2.9,FBA,1.22,2018-08-20,$290.36,,"61MSw%2B9c6uL.jpg, 61F8vDi6NSL.jpg, 61MjEnnahdL.jpg, 61R%2BR1IefML.jpg",,,1.2205in,7.0079in,7.4409in,0.2998lb,LargeStandardSize,B07GNKGC47,869,"$13,895.31",,
https://www.amazon.com/dp/B07GNJCH4H,LOFBAZ,LOFBAZ Men's Hoodie Hippie Shirts Beach 100% Soft Cotton Top Yoga Shirt Boho - Solid Dark Grey - S,"Sports & Outdoors/Categories/Sports & Fitness/Exercise & Fitness/Yoga/Clothing/Men & Sports & Outdoors/Categories/Sports & Fitness/Clothing/Men/Sweatshirts & Hoodies & Sports & Outdoors/Sports & Fitness Features & Clothing, Shoes & Jewelry/Departments/Men/Clothing/Active/Active Hoodies & Clothing, Shoes & Jewelry/Departments/Men/Clothing/Fashion Hoodies & Sweatshirts & Clothing, Shoes & Jewelry/Departments/Men/Shops",630195,$943.41,$15.99,$10.37,59,23,0.153,2.9,FBA,2.57,2018-08-20,$611.83,,"61K20X-vDXL.jpg, 61m46RW52iL.jpg, 71c650iNeQL.jpg, 61R%2BR1IefML.jpg",,,1.2205in,7.0079in,7.4409in,0.2998lb,LargeStandardSize,B07GNJCH4H,,,,
https://www.amazon.com/dp/B07GNHSGT3,LOFBAZ,LOFBAZ Men's Hoodie Hippie Shirts Beach 100% Soft Cotton Top Yoga Shirt Boho - Solid Black - S,"Sports & Outdoors/Categories/Sports & Fitness/Exercise & Fitness/Yoga/Clothing/Men & Sports & Outdoors/Categories/Sports & Fitness/Clothing/Men/Sweatshirts & Hoodies & Sports & Outdoors/Sports & Fitness Features & Clothing, Shoes & Jewelry/Departments/Men/Clothing/Active/Active Hoodies & Clothing, Shoes & Jewelry/Departments/Men/Clothing/Fashion Hoodies & Sweatshirts & Clothing, Shoes & Jewelry/Departments/Men/Shops",630195,$783.51,$15.99,$10.37,49,23,0.184,2.9,FBA,2.13,2018-08-20,$508.13,,"61M6rkRAVLL.jpg, 6179Rc4z%2B0L.jpg, 61S0vz8jZZL.jpg, 61R%2BR1IefML.jpg",,,1.2205in,7.0079in,7.4409in,0.2998lb,LargeStandardSize,B07GNHSGT3,1039,"$16,613.61",,
https://www.amazon.com/dp/B07PWQWV2H,Alien Buddha Zen Yoga Clothing,Alien Yoga Meditation Buddha UFO Zen Cosmic Flower Of Life T-Shirt,"Clothing, Shoes & Jewelry/Departments/Women/Shops & Clothing, Shoes & Jewelry/Departments/Men/Shops & Clothing, Shoes & Jewelry/Departments/Girls & Clothing, Shoes & Jewelry/Departments/Boys & Clothing, Shoes & Jewelry/Departments/Novelty & More/Clothing/Novelty/Women & Clothing, Shoes & Jewelry/Departments/Novelty & More/Clothing/Novelty/Men/Shirts/T-Shirts & Clothing, Shoes & Jewelry/Departments/Novelty & More/Clothing/Novelty/Girls & Clothing, Shoes & Jewelry/Departments/Novelty & More/Clothing/Novelty/Boys",1070841,$323.82,$17.99,$12.07,18,1,0,5,AMZN,18,2019-03-23,$217.26,,"813jzZP5VyL.jpg, 71735wVHxxL.jpg",,,0.9843in,7.9921in,10in,0.2998lb,LargeStandardSize,B07PWQWV2H,,,,
https://www.amazon.com/dp/B01B2GK5ZU,Love Quality,"Men's Summer T-Shirt 100% Cotton Thai Hippie Shirt V-Neck Beach Yoga Top (XX-Large, Black)","Clothing, Shoes & Jewelry/Departments/Men/Shops & Clothing, Shoes & Jewelry/Departments/Novelty & More/Clothing/Novelty/Men/Shirts/T-Shirts",109957,"$3,102.93",$14.99,$9.51,207,368,0.348,3.6,FBA,0.56,2016-01-26,"$1,968.57",,"51oLqh4IJzL.jpg, 51joNrm7NQL.jpg, 51pGbd6YI%2BL.jpg, 51tVDVgfYzL.jpg, 51jdI6tIC3L.jpg",,,1.6142in,6.1811in,8.8189in,0.2491lb,LargeStandardSize,B01B2GK5ZU,4183,"$62,703.17",,
https://www.amazon.com/dp/B07Q4WZZXQ,I'd Rather Be Meditating T-Shirt Giftidea Teez,I'd Rather Be Meditating T-Shirt Funny Yoga Meditation Tee,"Clothing, Shoes & Jewelry/Departments/Women/Shops & Clothing, Shoes & Jewelry/Departments/Men/Shops & Clothing, Shoes & Jewelry/Departments/Girls & Clothing, Shoes & Jewelry/Departments/Boys & Clothing, Shoes & Jewelry/Departments/Novelty & More/Clothing/Novelty/Women/Tops & Tees/T-Shirts & Clothing, Shoes & Jewelry/Departments/Novelty & More/Clothing/Novelty/Men/Shirts/T-Shirts & Clothing, Shoes & Jewelry/Departments/Novelty & More/Clothing/Novelty/Girls/Tops & Tees/T-Shirts & Clothing, Shoes & Jewelry/Departments/Novelty & More/Clothing/Novelty/Boys/Tops & Tees/T-Shirts",997236,$101.70,$16.95,$11.19,6,1,0,5,AMZN,6,--,$67.14,,"71tOAHhrryL.jpg, 71735wVHxxL.jpg",,,0.9843in,7.9921in,10in,0.2998lb,LargeStandardSize,B07Q4WZZXQ,,,,
https://www.amazon.com/dp/B07VSG6TST,Spiritual Kundalini Yoga Meditation Gift Apparel,Yoga Meditation 7 Chakras Om Zen Namaste shirt Women Girl  T-Shirt,"Clothing, Shoes & Jewelry/Departments/Women/Shops & Clothing, Shoes & Jewelry/Departments/Men/Shops & Clothing, Shoes & Jewelry/Departments/Novelty & More/Clothing/Novelty/Women/Tops & Tees/T-Shirts & Clothing, Shoes & Jewelry/Departments/Novelty & More/Clothing/Novelty/Men/Shirts/T-Shirts",477643,$86.34,$14.39,$9.01,6,0,0,,AMZN,,--,$54.06,,71x2sLaJTvL.jpg,,,0.9843in,7.9921in,10in,0.2998lb,LargeStandardSize,B07VSG6TST,,,,
https://www.amazon.com/dp/0399588965,,Meditation for Fidgety Skeptics: A 10% Happier How-to Book,"Books/Subjects/Self-Help/Happiness & Books/Subjects/Self-Help/Success & Books/Subjects/Health, Fitness & Dieting/Alternative Medicine/Meditation",10073,"$3,501.81",$9.49,$3.07,369,250,0.106,4.3,AMZN,1.48,--,"$1,132.83",,71RmnCbVZ4L.jpg,,,0.7874in,5.1181in,7.9134in,0.549lb,LargeStandardSize,0399588965,5309,"$50,382.41",,
https://www.amazon.com/dp/B07PWTBH54,Yoga Meditation Chakra Tees,Chakras Shirt Yoga Meditation Sacred Geometry,"Clothing, Shoes & Jewelry/Departments/Women/Shops & Clothing, Shoes & Jewelry/Departments/Men/Shops & Clothing, Shoes & Jewelry/Departments/Girls & Clothing, Shoes & Jewelry/Departments/Boys & Clothing, Shoes & Jewelry/Departments/Novelty & More/Clothing/Novelty/Women/Tops & Tees/T-Shirts & Clothing, Shoes & Jewelry/Departments/Novelty & More/Clothing/Novelty/Men/Shirts/T-Shirts & Clothing, Shoes & Jewelry/Departments/Novelty & More/Clothing/Novelty/Girls/Tops & Tees/T-Shirts & Clothing, Shoes & Jewelry/Departments/Novelty & More/Clothing/Novelty/Boys/Tops & Tees/T-Shirts",1258129,$339.80,$16.99,$11.22,20,2,0,5,AMZN,10,2019-03-24,$224.40,,"71auFGdEuHL.jpg, 71735wVHxxL.jpg",,,0.9843in,7.9921in,10in,0.2998lb,LargeStandardSize,B07PWTBH54,,,,
https://www.amazon.com/dp/B07TS4L1RK,Disney,Disney Lion King Rafiki Positive Vibes Meditation Portrait Tank Top,"Clothing, Shoes & Jewelry/Departments/Women/Shops & Clothing, Shoes & Jewelry/Departments/Men/Shops & Clothing, Shoes & Jewelry/Departments/Novelty & More/Clothing/Novelty/Women/Tops & Tees/Tanks & Camis & Clothing, Shoes & Jewelry/Departments/Novelty & More/Clothing/Novelty/Men/Shirts/Tanks Tops",10565123,$0.00,$25.99,$18.87,0,0,0,,AMZN,,--,$0.00,,71M3i5m-sFL.jpg,,,0.9843in,7.9921in,10in,0.2998lb,LargeStandardSize,B07TS4L1RK,,,,
https://www.amazon.com/dp/B072L17FLS,ZanYing,ZanYing Monk Meditation Clothing Sets Buddhist Men Casual Suits V-nek Shirt Wide Leg Pants (L) Gray,"Clothing, Shoes & Jewelry/Departments/Men/Clothing & Clothing, Shoes & Jewelry/Departments/Men/Shops",1552043,$639.20,$79.90,$67.91,8,5,0,3.7,FBM,1.6,2016-12-11,$543.28,,"51TWgTZu04L.jpg, 51MtWy5dQkL.jpg, 61BjxPraMWL.jpg, 61J49ZrshvL.jpg, 61AggoesZwL.jpg, 51u2YiUl7wL.jpg",,,2.5197in,10.315in,13.3858in,1.799lb,,B072L17FLS,309,"$24,689.10",,
https://www.amazon.com/dp/B079ZCD7VF,Threadrock,Threadrock Women's Breathe Lotus Flower Raw-Edge Raglan Shirt L Black,"Clothing, Shoes & Jewelry/Departments/Women/Shops & Clothing, Shoes & Jewelry/Departments/Novelty & More/Clothing/Novelty/Women/Tops & Tees/T-Shirts",774492,$607.60,$21.70,$18.44,28,2,0,5,FBM,14,--,$516.32,,61AMKEX3YML.jpg,,,-0.0394in,-0.0394in,-0.0394in,-0.0022lb,,B079ZCD7VF,49,"$1,063.30",,
https://www.amazon.com/dp/B079ZD4X14,Threadrock,Threadrock Women's Breathe Lotus Flower Raw-Edge Raglan Shirt S Navy,"Clothing, Shoes & Jewelry/Departments/Women/Shops & Clothing, Shoes & Jewelry/Departments/Novelty & More/Clothing/Novelty/Women/Tops & Tees/T-Shirts",774492,$65.10,$21.70,$18.44,3,2,0,5,FBM,1.5,2018-02-22,$55.32,,71WIf6COO5L.jpg,,,-0.0394in,-0.0394in,-0.0394in,-0.0022lb,,B079ZD4X14,26,$564.20,,
https://www.amazon.com/dp/B079ZGW8DF,Threadrock,Threadrock Women's Breathe Lotus Flower Raw-Edge Raglan Shirt S Kelly Green,"Clothing, Shoes & Jewelry/Departments/Women/Shops & Clothing, Shoes & Jewelry/Departments/Novelty & More/Clothing/Novelty/Women/Tops & Tees/T-Shirts",774492,$390.60,$21.70,$18.44,18,2,0,,FBM,9,--,$331.92,,71Mde01JaHL.jpg,,,-0.0394in,-0.0394in,-0.0394in,-0.0022lb,,B079ZGW8DF,,,,
https://www.amazon.com/dp/B079ZW7SZN,Threadrock,Threadrock Women's Breathe Lotus Flower Raw-Edge Raglan Shirt S Charcoal,"Clothing, Shoes & Jewelry/Departments/Women/Shops & Clothing, Shoes & Jewelry/Departments/Novelty & More/Clothing/Novelty/Women/Tops & Tees/T-Shirts",774492,$303.80,$21.70,$18.44,14,2,0,,FBM,7,--,$258.16,,71gsH4YdQEL.jpg,,,-0.0394in,-0.0394in,-0.0394in,-0.0022lb,,B079ZW7SZN,,,,
https://www.amazon.com/dp/B07ZV55MJZ,Blonde Tees Awesome Yoga Meditation Apparel,Namaste Lotus Flower Spiritual Yoga Meditation Gift T-Shirt,"Clothing, Shoes & Jewelry/Departments/Women/Shops & Clothing, Shoes & Jewelry/Departments/Men/Shops & Clothing, Shoes & Jewelry/Departments/Girls & Clothing, Shoes & Jewelry/Departments/Boys & Clothing, Shoes & Jewelry/Departments/Novelty & More/Clothing/Novelty/Women/Tops & Tees/T-Shirts & Clothing, Shoes & Jewelry/Departments/Novelty & More/Clothing/Novelty/Men/Shirts/T-Shirts & Clothing, Shoes & Jewelry/Departments/Novelty & More/Clothing/Novelty/Girls/Tops & Tees/T-Shirts & Clothing, Shoes & Jewelry/Departments/Novelty & More/Clothing/Novelty/Boys/Tops & Tees/T-Shirts",455805,$125.93,$17.99,$12.07,7,1,0,5,AMZN,7,--,$84.49,,71vQqvHJjAL.jpg,,,0.9843in,7.9921in,10in,0.2998lb,LargeStandardSize,B07ZV55MJZ,,,,
https://www.amazon.com/dp/B07P6D4RBK,Brave New Look,"Funny Meditation Shirt - Don't Hate, Meditate Buddha Tee","Clothing, Shoes & Jewelry/Departments/Women/Shops & Clothing, Shoes & Jewelry/Departments/Men/Shops & Clothing, Shoes & Jewelry/Departments/Girls & Clothing, Shoes & Jewelry/Departments/Boys & Clothing, Shoes & Jewelry/Departments/Novelty & More/Clothing/Novelty/Women/Tops & Tees/T-Shirts & Clothing, Shoes & Jewelry/Departments/Novelty & More/Clothing/Novelty/Men/Shirts/T-Shirts & Clothing, Shoes & Jewelry/Departments/Novelty & More/Clothing/Novelty/Girls/Tops & Tees/T-Shirts & Clothing, Shoes & Jewelry/Departments/Novelty & More/Clothing/Novelty/Boys/Tops & Tees/T-Shirts",3289321,$0.00,$17.99,$12.07,0,2,0,5,AMZN,,2017-01-12,$0.00,,"71S9pV0YosL.jpg, 71735wVHxxL.jpg",,,0.9843in,7.9921in,10in,0.2998lb,LargeStandardSize,B07P6D4RBK,,,,
https://www.amazon.com/dp/B07ZBZX1ZM,Zen Cat Zone Apparel,Pawsitive Vibes - Meditation Yoga Cat w/ Mandala Positivity T-Shirt,"Clothing, Shoes & Jewelry/Departments/Women/Shops & Clothing, Shoes & Jewelry/Departments/Men/Shops & Clothing, Shoes & Jewelry/Departments/Girls & Clothing, Shoes & Jewelry/Departments/Boys & Clothing, Shoes & Jewelry/Departments/Novelty & More/Clothing/Novelty/Women/Tops & Tees/T-Shirts & Clothing, Shoes & Jewelry/Departments/Novelty & More/Clothing/Novelty/Men/Shirts/T-Shirts & Clothing, Shoes & Jewelry/Departments/Novelty & More/Clothing/Novelty/Girls/Tops & Tees/T-Shirts & Clothing, Shoes & Jewelry/Departments/Novelty & More/Clothing/Novelty/Boys/Tops & Tees/T-Shirts",2482751,$89.95,$17.99,$12.07,5,0,0,,AMZN,,--,$60.35,,714x3T1BwPL.jpg,,,0.9843in,7.9921in,10in,0.2998lb,LargeStandardSize,B07ZBZX1ZM,,,,
https://www.amazon.com/dp/B07QKWYTK9,Spirit Play T-Shirts,Womens Just Breathe Premium Meditation T-Shirt For Women,"Clothing, Shoes & Jewelry/Departments/Women/Shops & Clothing, Shoes & Jewelry/Departments/Novelty & More/Clothing/Novelty/Women/Tops & Tees/T-Shirts",,$0.00,$24.99,$18.02,,0,0,,AMZN,,--,,,71mh%2B4GXIoL.jpg,,,0.9843in,7.9921in,10in,0.2998lb,LargeStandardSize,B07QKWYTK9,,,,
https://www.amazon.com/dp/B07H98PDLS,Davatka,Davatka Lord Shiva Meditation Shirt Hinduism Vedic Spiritual Sacred Geometry Men's Unisex T-Shirt,"Clothing, Shoes & Jewelry/Departments/Men/Shops & Clothing, Shoes & Jewelry/Departments/Novelty & More/Clothing/Novelty/Men/Shirts/T-Shirts",12054488,$0.00,$14.90,$12.66,0,0,0,,FBM,,--,$0.00,,61HzrbdQAwL.jpg,,,-0.0394in,-0.0394in,-0.0394in,-0.0022lb,,B07H98PDLS,,,,
https://www.amazon.com/dp/B0815VP46S,urban print 365,"urban print 365 - Vintage Meditation Namaste Hamsa Om Mandala Yoga T Shirts for Women - Yoga Hand Lotus White Tone (XL, Burgundy-P116)","Clothing, Shoes & Jewelry/Departments/Women/Shops & Clothing, Shoes & Jewelry/Departments/Novelty & More/Clothing/Novelty/Women/Tops & Tees/T-Shirts",2023286,$99.95,$19.99,$16.99,5,0,0,,FBM,,--,$84.95,,"71vuKAEsSJL.jpg, 81KB5skDMxL.jpg, 71aowQLarsL.jpg, 81yKqOTu7rL.jpg, 81-00JpMjpL.jpg, 61jvfTdByYL.jpg, 51MVnRXcYcL.jpg",,,0.9843in,7.9921in,10in,0.2998lb,,B0815VP46S,,,,
https://www.amazon.com/dp/B07DVFCT45,JOGAL,JOGAL Men's Flower Casual Button Down Short Sleeve Hawaiian Shirt Suits Small Green,"Clothing, Shoes & Jewelry/Departments/Men/Clothing/Shirts/Casual Button-Down Shirts & Clothing, Shoes & Jewelry/Departments/Men/Shops",7812,"$42,131.61",$36.99,$28.20,1139,253,0.219,4.5,FBA,4.5,2018-06-19,"$32,119.80",,"818Xm3c61YL.jpg, 81NoNG9q0rL.jpg, 81m6-bJHBKL.jpg, 81HHGK4mN5L.jpg, 81DSBr2rK0L.jpg, 81diWLut5xL.jpg, 71UZUQW1HPL.jpg",,,1.1811in,8.3858in,12.4016in,0.3505lb,LargeStandardSize,B07DVFCT45,30912,"$1,143,434.88",,
https://www.amazon.com/dp/B0722NWBMT,Love Quality,"Love Quality Men's Summer T-Shirt 100% Cotton Hippie Shirt V-Neck Beach Yoga Top (Small, Green)","Clothing, Shoes & Jewelry/Departments/Men/Clothing/Shirts/T-Shirts & Clothing, Shoes & Jewelry/Departments/Men/Shops",13298,"$9,548.63",$14.99,$9.51,637,492,0,3.8,FBA,1.29,2016-08-07,"$6,057.87",,51%2BcJenN23L.jpg,,,1.8898in,6.2992in,9.2913in,0.2491lb,LargeStandardSize,B0722NWBMT,17189,"$257,663.11",12842,"$192,501.58"
https://www.amazon.com/dp/B07PK4C9LF,Mandala T-shirt NBR,Bohemian Mandala Yoga Spiritual meditation T-shirt,"Clothing, Shoes & Jewelry/Departments/Women/Shops & Clothing, Shoes & Jewelry/Departments/Men/Shops & Clothing, Shoes & Jewelry/Departments/Girls & Clothing, Shoes & Jewelry/Departments/Boys & Clothing, Shoes & Jewelry/Departments/Novelty & More/Clothing/Novelty/Women/Tops & Tees/T-Shirts & Clothing, Shoes & Jewelry/Departments/Novelty & More/Clothing/Novelty/Men/Shirts/T-Shirts & Clothing, Shoes & Jewelry/Departments/Novelty & More/Clothing/Novelty/Girls/Tops & Tees/T-Shirts & Clothing, Shoes & Jewelry/Departments/Novelty & More/Clothing/Novelty/Boys/Tops & Tees/T-Shirts",501812,$0.00,$16.99,$11.22,0,0,0,,AMZN,,--,$0.00,,"81laewXbCmL.jpg, 71735wVHxxL.jpg",,,0.9843in,7.9921in,10in,0.2998lb,LargeStandardSize,B07PK4C9LF,,,,
https://www.amazon.com/dp/B06ZZV6CZZ,Cafuny,Cafuny Mens Long Sleeve V Neck Natural Linen Popover Shirt Casual Henley T Shirt Top XS White,"Clothing, Shoes & Jewelry/Departments/Men/Clothing/Shirts/Henleys & Clothing, Shoes & Jewelry/Departments/Men/Shops",85500,"$3,020.06",$11.89,$10.11,254,53,0.189,3.8,FBM,4.79,2017-04-15,"$2,567.94",,"51S1l%2B6u7ML.jpg, 81y6qMyYyqL.jpg, 51WfGhHUICL.jpg, 51%2BCHY5j3gL.jpg, 51%2BjvIzdR%2BL.jpg, 51C-r7y3KvL.jpg, 51BNA30I9lL.jpg",,,-0.0394in,-0.0394in,-0.0394in,-0.0022lb,,B06ZZV6CZZ,3384,"$40,235.76",,
https://www.amazon.com/dp/B07F8QYYRW,Shopoholic Fashion,"Shopoholic Fashion Mens Summer Stripy Shirt(Light Black,L)","Clothing, Shoes & Jewelry/Departments/Men/Clothing/Shirts/Dress Shirts & Clothing, Shoes & Jewelry/Departments/Men/Shops",327206,$47.98,$23.99,$17.13,2,5,0,3.1,FBA,0.4,--,$34.26,,"81s4-KnJqRL.jpg, 814V-mB12jL.jpg, 91ZOqyu34OL.jpg",,,3.1496in,5.0394in,10.8661in,0.6592lb,LargeStandardSize,B07F8QYYRW,,,,